nameOrig,customer_age,account_type,region,tenure_years,credit_score,avg_monthly_trans,device_type,kyc_verified
C3996840415,43,Savings,North,15.3,693,38.1,Web,False
C5321118252,57,Savings,South,18.8,704,25.7,Branch,True
C1433539154,18,Checking,North,4.3,748,181.8,Web,True
C6335342459,43,Business,North,15.4,430,199.5,Branch,True
C8344866777,45,Checking,West,0.4,368,37.0,Branch,True
C3864117943,26,Savings,North,13.4,644,15.6,Mobile,True
C5949217911,61,Checking,West,9.4,619,69.3,Mobile,True
C6438150198,39,Savings,South,6.9,476,95.0,Mobile,False
C9684539509,25,Checking,West,17.2,828,44.9,Web,True
C3505071846,66,Business,South,17.1,459,63.8,Web,True
C4617353510,59,Checking,South,0.4,832,44.2,Mobile,False
C3357853072,44,Business,South,12.2,434,156.0,Web,True
C1941774493,56,Business,North,7.4,410,144.0,Web,True
C1144608012,36,Checking,West,8.3,582,128.8,Branch,True
C1921820562,42,Business,East,16.6,819,80.5,Web,False
C2787227922,55,Business,North,6.2,493,182.3,Branch,False
C4262506264,38,Savings,South,18.9,346,194.1,Mobile,False
C6101746206,41,Savings,East,3.6,641,38.9,Web,True
C4091480758,41,Business,North,13.3,541,48.5,Branch,True
C7244654153,36,Checking,East,13.4,821,107.5,Web,True
C8822990819,67,Business,South,5.0,669,22.8,Branch,True
C7284278961,64,Checking,East,6.5,430,90.1,Branch,False
C7714274845,19,Savings,East,16.7,569,118.4,Web,True
C4937590330,31,Checking,South,15.2,360,106.8,Mobile,True
C7019163147,49,Business,East,6.6,463,69.5,Branch,True
C9083094817,59,Business,North,10.7,824,110.8,Mobile,True
C8833067255,49,Business,East,1.2,571,192.0,Web,True
C8394737790,45,Business,West,4.2,432,45.2,Web,True
C8657998172,65,Business,North,9.7,543,132.7,Mobile,True
C8366035217,56,Checking,East,1.7,733,13.5,Web,True
C9142084304,57,Business,West,16.9,337,18.0,Branch,True
C7300579591,59,Savings,West,14.4,618,112.6,Mobile,True
C2461881221,64,Business,West,18.9,809,25.5,Web,False
C5039195563,57,Checking,East,13.9,675,9.4,Web,True
C1355260223,30,Business,South,18.8,773,38.4,Mobile,False
C4998130843,29,Business,West,11.1,358,115.1,Branch,True
C1558044778,25,Checking,South,12.0,798,142.2,Mobile,True
C2814127698,32,Business,North,19.5,517,44.5,Web,True
C2620549829,43,Checking,South,12.8,428,135.3,Web,True
C1498313616,29,Business,South,0.6,682,40.6,Mobile,True
C5476608982,60,Savings,South,14.5,687,124.6,Branch,True
C7720030620,68,Business,South,18.1,384,85.3,Branch,True
C4995053883,63,Checking,South,15.9,809,132.5,Branch,True
C5892465326,44,Savings,North,11.7,736,199.0,Mobile,True
C4760292074,35,Checking,North,13.4,592,187.9,Branch,True
C1785151076,62,Business,South,19.8,348,5.8,Branch,True
C2195888151,53,Savings,South,1.8,366,177.7,Branch,True
C3903862723,66,Checking,West,13.3,428,18.0,Branch,True
C6450176200,68,Savings,North,5.7,328,190.8,Web,True
C3041855827,44,Savings,East,12.8,642,60.0,Mobile,False
C5745114512,26,Checking,North,12.2,844,79.5,Mobile,True
C3141345269,56,Savings,East,3.1,418,22.9,Branch,False
C3044265826,18,Checking,West,4.1,432,26.9,Mobile,True
C8019798271,24,Savings,South,12.4,626,146.7,Mobile,True
C8605444834,43,Savings,West,2.6,484,189.1,Web,True
C1798962700,24,Savings,South,5.3,805,124.1,Mobile,True
C7666087140,69,Business,North,16.7,833,144.6,Web,True
C2785836643,24,Business,South,6.5,540,153.6,Mobile,True
C4735604389,25,Checking,East,9.8,815,56.2,Web,True
C4419827299,33,Savings,East,18.8,464,13.8,Web,True
C4238504278,20,Checking,West,4.5,517,5.4,Mobile,True
C1154355436,62,Business,North,7.8,304,73.4,Web,True
C6990338440,27,Business,East,12.1,380,52.1,Web,True
C8460772866,67,Business,West,15.1,546,17.2,Mobile,True
C3930000411,24,Business,North,18.0,792,40.0,Web,True
C7782506048,38,Checking,North,18.3,685,29.3,Web,False
C4536087088,54,Savings,West,15.5,606,183.4,Web,True
C8653697589,48,Checking,East,4.6,842,32.4,Web,True
C7630595124,40,Savings,East,0.5,306,109.8,Web,True
C3955128393,44,Business,West,7.7,814,120.7,Branch,True
C6333872140,39,Savings,East,2.8,372,111.0,Web,True
C4913010277,56,Business,West,14.2,309,24.3,Web,True
C8341743952,44,Checking,East,13.2,421,67.2,Web,False
C5429922978,66,Savings,East,0.9,812,15.0,Web,True
C4161956738,21,Checking,West,16.7,740,82.2,Mobile,True
C4891523339,41,Business,West,5.0,337,41.8,Branch,True
C6440328563,40,Checking,East,8.6,644,114.5,Mobile,True
C8569059648,65,Business,West,13.4,637,140.1,Branch,True
C8976310731,36,Business,East,8.6,483,108.8,Web,True
C1328070825,59,Business,South,8.8,366,89.7,Web,True
C6874371304,20,Checking,North,1.3,316,80.5,Branch,True
C6075531172,44,Checking,North,8.0,682,169.1,Branch,True
C7165458310,20,Savings,East,15.3,667,47.8,Mobile,True
C2468035736,45,Savings,North,18.3,615,148.2,Branch,True
C4174094902,34,Checking,East,8.3,796,152.7,Web,True
C6253876230,48,Checking,West,8.5,644,86.7,Mobile,True
C7745888779,27,Checking,South,14.1,772,63.0,Branch,True
C3349189279,66,Checking,North,18.9,414,96.8,Branch,True
C3603379670,39,Business,North,5.3,399,23.2,Mobile,True
C2250455031,47,Business,West,8.8,737,14.0,Branch,True
C5949210170,66,Business,South,15.9,644,26.8,Web,True
C5026009756,38,Checking,South,12.2,648,41.5,Mobile,True
C7886085857,53,Business,South,2.2,438,103.3,Branch,True
C9846414971,40,Business,West,12.6,623,170.6,Web,True
C7795534851,55,Savings,North,3.7,601,51.0,Branch,True
C9547882087,29,Savings,North,10.2,593,187.4,Mobile,True
C2027179126,42,Business,South,10.6,828,191.2,Branch,True
C3279499575,37,Business,West,17.5,591,192.0,Branch,True
C8063465290,66,Business,West,9.2,373,168.3,Branch,True
C1880387600,66,Checking,West,5.6,783,75.9,Web,True
C9143580600,59,Savings,South,4.6,315,19.2,Web,True
C8933639704,24,Savings,West,17.5,825,115.9,Branch,False
C6648513530,46,Savings,South,3.4,635,113.9,Branch,True
C2186430290,65,Business,South,8.5,815,170.7,Mobile,True
C3264586695,46,Checking,South,3.7,426,199.2,Branch,True
C5069031598,30,Savings,East,15.5,817,104.1,Mobile,True
C9850333854,20,Savings,South,9.5,428,72.3,Web,True
C3963526317,19,Checking,West,7.0,810,41.3,Branch,True
C8258909465,33,Business,East,7.2,722,5.9,Mobile,True
C4996925809,47,Business,North,17.0,684,104.3,Web,True
C3135940691,55,Savings,North,11.1,531,113.3,Mobile,True
C9781334775,23,Savings,West,14.4,494,165.9,Web,True
C7080136864,62,Checking,West,17.9,364,103.4,Branch,True
C6591689637,24,Savings,West,18.0,576,183.7,Mobile,True
C5076229753,22,Checking,West,6.6,523,127.5,Branch,True
C5133090861,24,Savings,East,19.0,577,168.9,Mobile,True
C3666782085,51,Savings,West,0.5,665,33.9,Web,True
C9283532861,49,Savings,South,7.5,815,171.8,Mobile,True
C8562811837,66,Business,North,17.9,514,136.7,Mobile,True
C7643711565,30,Checking,West,5.5,738,38.2,Branch,False
C6069383981,47,Checking,South,5.5,727,42.0,Branch,True
C2969663198,42,Business,West,6.1,695,185.7,Branch,True
C7703904770,38,Business,South,12.2,508,11.3,Web,True
C9005654021,38,Business,East,8.8,800,95.2,Branch,True
C3067311111,45,Checking,North,14.5,762,66.1,Mobile,True
C1588406480,65,Savings,North,17.9,526,134.7,Web,True
C3264447025,37,Business,East,13.5,674,168.7,Branch,True
C5762660520,51,Business,South,4.1,799,75.3,Mobile,True
C7539258301,22,Business,West,18.7,392,88.2,Mobile,True
C1941102411,35,Savings,South,5.3,759,196.5,Web,True
C4948738833,56,Savings,North,3.0,620,157.9,Mobile,True
C5350928849,60,Business,East,1.8,309,180.0,Branch,True
C5355913093,28,Savings,East,11.3,602,90.6,Mobile,True
C8294190864,34,Business,South,2.3,621,50.6,Branch,True
C5092660559,65,Savings,South,2.8,755,85.3,Branch,False
C9448426913,62,Checking,East,6.0,577,144.6,Web,True
C4668855145,39,Checking,North,5.6,837,26.3,Mobile,True
C2968102826,54,Savings,West,12.1,692,57.7,Web,True
C8968053340,37,Checking,West,16.3,394,14.1,Web,True
C7885108779,65,Checking,South,15.2,406,89.3,Web,True
C4588049316,65,Checking,East,5.2,689,166.4,Branch,True
C8664029219,65,Business,East,4.9,825,9.8,Branch,True
C2619140571,63,Savings,East,19.3,370,136.7,Branch,True
C8751355646,23,Savings,North,0.2,675,186.8,Branch,True
C9787746772,51,Savings,South,17.6,667,51.2,Mobile,True
C7505516598,31,Checking,South,4.0,350,140.3,Mobile,True
C2055734938,65,Business,South,18.9,442,195.1,Branch,False
C2729859932,40,Savings,North,6.8,718,192.6,Branch,True
C1001901740,37,Checking,South,8.8,847,50.8,Mobile,False
C9166378211,30,Business,West,14.1,799,24.6,Web,True
C1660596149,64,Business,South,11.8,466,33.9,Web,True
C3068238662,61,Savings,South,6.4,559,141.9,Branch,True
C3729209666,58,Savings,South,11.1,491,146.5,Web,True
C1140093021,49,Checking,North,14.6,501,136.5,Branch,True
C9837766754,43,Savings,West,0.8,484,70.5,Branch,True
C2908534630,67,Checking,West,0.2,457,38.1,Branch,True
C7966606864,31,Business,East,9.2,398,118.2,Mobile,True
C9557474476,69,Business,East,2.6,540,99.3,Web,True
C9170043136,53,Business,West,13.3,790,147.1,Mobile,True
C9063180953,25,Business,South,4.3,501,91.1,Web,True
C5184896915,57,Savings,South,8.7,808,71.0,Mobile,True
C8901950266,39,Savings,South,4.0,395,62.2,Mobile,True
C1982235012,39,Checking,North,11.0,789,46.2,Branch,True
C9402330816,33,Checking,South,2.3,517,56.8,Branch,True
C1636419349,44,Checking,North,0.5,826,23.5,Mobile,True
C8213612023,27,Checking,West,1.0,572,72.6,Web,True
C1965896104,42,Checking,South,19.1,518,12.1,Web,True
C2852765763,48,Business,South,2.8,631,41.4,Branch,False
C4088768255,38,Business,East,14.2,752,150.6,Branch,True
C8901278066,44,Business,West,1.4,451,68.5,Web,False
C4277525453,34,Checking,South,2.2,646,135.3,Web,True
C9112709715,50,Business,North,10.2,713,144.8,Web,False
C2096544135,48,Business,West,9.3,826,118.3,Branch,True
C2269998959,67,Business,East,19.0,730,191.9,Web,True
C9730850861,59,Business,West,18.9,678,9.2,Branch,True
C2564889562,43,Savings,North,15.6,727,149.0,Mobile,True
C2975695232,38,Checking,East,12.0,383,192.0,Mobile,True
C9998184302,53,Checking,North,9.1,491,173.1,Mobile,False
C4121364131,18,Savings,West,7.1,340,37.7,Web,False
C8618869212,21,Business,East,18.9,608,68.7,Branch,True
C8837404163,21,Business,North,12.1,677,38.6,Web,True
C2989831088,43,Business,West,11.6,435,122.3,Branch,False
C9784940212,21,Checking,North,4.6,405,143.9,Web,True
C2682871134,66,Checking,South,0.9,818,66.8,Mobile,True
C7643028148,26,Checking,West,18.9,841,110.2,Branch,True
C7579983016,47,Checking,East,6.3,425,139.7,Web,True
C3535882236,68,Checking,East,8.9,656,87.2,Branch,True
C1263414459,62,Savings,South,2.3,699,171.5,Branch,True
C6850502469,21,Checking,North,16.7,378,155.5,Web,True
C4105812280,22,Business,North,0.6,688,17.6,Web,True
C6156367015,62,Checking,East,16.7,834,126.1,Branch,True
C5338306132,40,Savings,North,2.8,373,50.9,Branch,True
C2878970579,33,Business,West,17.7,304,113.7,Mobile,True
C9812847445,39,Savings,West,14.6,762,191.6,Branch,True
C8437701106,54,Business,East,3.3,381,176.4,Mobile,True
C4260176268,25,Checking,West,11.3,836,83.9,Mobile,True
C9143433245,65,Savings,East,6.3,704,61.8,Mobile,True
C8808365412,50,Business,North,3.6,813,50.7,Branch,True
C2085826159,55,Checking,North,17.2,577,108.8,Mobile,False
C5833369272,60,Business,North,8.1,523,27.3,Branch,True
C6742219759,33,Savings,South,8.0,367,112.1,Branch,True
C7037655267,22,Savings,East,3.4,619,5.3,Web,True
C3329895221,33,Savings,West,7.7,318,68.2,Branch,True
C1642533319,24,Savings,North,17.4,642,47.9,Branch,True
C2635049743,68,Checking,South,7.3,642,194.4,Mobile,True
C5383750175,18,Business,West,19.0,396,146.8,Branch,True
C2154687952,26,Checking,West,18.9,351,73.2,Branch,True
C7364572373,35,Savings,West,2.9,474,23.1,Web,True
C2553533712,62,Business,North,3.5,637,105.8,Web,True
C1558093946,64,Savings,West,17.3,652,46.6,Mobile,True
C3405575524,20,Checking,East,7.9,690,109.6,Mobile,True
C8648185072,41,Checking,South,0.1,414,167.9,Web,True
C4042940094,45,Checking,West,5.5,647,125.1,Web,True
C1739117618,27,Business,West,12.0,300,128.6,Branch,True
C2927639934,26,Business,East,16.0,362,110.5,Mobile,True
C1524116974,30,Savings,West,2.7,525,185.8,Mobile,True
C6775030584,65,Business,North,2.2,722,186.7,Branch,True
C1132533665,52,Business,North,18.4,318,105.0,Branch,True
C9812823208,40,Checking,North,15.0,330,64.6,Mobile,True
C1610617416,64,Savings,West,11.8,323,94.6,Web,True
C1916517445,34,Checking,South,15.4,510,41.4,Web,True
C8151748435,63,Savings,South,8.6,460,129.1,Branch,True
C2339961168,24,Savings,West,15.2,554,102.5,Mobile,True
C5363952496,69,Business,South,7.4,413,25.1,Branch,True
C7940288800,33,Checking,South,4.9,803,43.5,Web,True
C8916819105,57,Business,West,14.6,519,98.5,Web,True
C1418820854,53,Business,North,8.4,656,178.1,Branch,True
C3294760416,37,Business,West,19.6,468,115.4,Web,True
C3322437287,41,Savings,North,7.0,823,137.9,Mobile,True
C2326433732,64,Checking,North,18.4,541,71.1,Branch,True
C5803888103,22,Checking,South,18.7,674,116.4,Branch,False
C5129668335,62,Business,South,4.8,438,92.2,Branch,True
C8768693848,23,Savings,North,16.0,396,133.5,Web,True
C1304476999,45,Checking,North,8.7,446,14.9,Mobile,True
C6358014963,22,Checking,South,18.4,481,101.2,Branch,True
C1085021707,66,Business,East,9.0,356,62.7,Branch,True
C6972934196,56,Savings,North,14.9,341,68.6,Web,True
C5015770501,55,Business,North,9.3,842,192.4,Mobile,True
C2849156100,19,Checking,North,4.6,301,40.6,Branch,False
C4770914715,60,Savings,South,4.0,587,65.7,Web,True
C7895590468,56,Business,West,8.5,437,104.4,Branch,True
C6356389239,38,Checking,North,15.1,811,173.3,Web,True
C5655398961,57,Business,North,12.1,521,86.3,Mobile,True
C1309714810,54,Business,North,13.8,630,150.1,Web,True
C6177159645,35,Business,West,5.6,703,172.0,Branch,False
C4370955859,65,Savings,West,9.6,807,65.5,Branch,True
C8445268870,63,Checking,North,0.9,426,81.6,Web,True
C8649319126,29,Checking,North,16.4,564,74.5,Mobile,False
C7876683740,34,Checking,East,19.8,314,167.4,Mobile,True
C2396954903,54,Checking,West,8.1,525,13.6,Branch,True
C9337701694,63,Savings,East,0.2,404,65.1,Branch,True
C9223707496,55,Business,North,3.4,792,137.5,Web,True
C1049309063,32,Checking,North,13.1,618,115.3,Web,True
C7228203069,24,Savings,North,12.2,518,90.1,Web,True
C5196630729,31,Business,North,15.8,576,110.3,Mobile,False
C1442902849,67,Savings,South,5.1,640,43.5,Mobile,True
C7647684665,18,Savings,South,15.3,751,89.0,Branch,True
C5204590491,55,Checking,South,13.8,668,102.8,Branch,True
C7680801960,20,Checking,East,6.5,773,180.7,Branch,False
C1815250513,54,Business,West,10.9,489,55.9,Web,True
C7795425235,61,Business,North,2.9,718,174.2,Mobile,True
C1878065584,48,Checking,West,9.1,794,130.6,Branch,True
C7514563169,60,Savings,South,17.6,338,9.0,Branch,True
C4178968866,30,Checking,North,8.4,461,146.3,Branch,True
C8257544869,65,Business,North,16.8,420,11.9,Branch,True
C5913193113,35,Savings,East,11.8,698,199.5,Branch,False
C4975087598,34,Savings,West,3.8,561,175.2,Branch,True
C5588460051,34,Savings,East,11.6,428,63.0,Mobile,True
C8283394707,28,Checking,South,10.1,839,55.2,Branch,True
C8050755380,37,Checking,West,8.0,655,79.4,Mobile,True
C8317732245,27,Business,South,2.4,731,74.5,Web,False
C7230650952,46,Savings,East,8.3,364,77.6,Mobile,True
C3886458719,65,Savings,East,1.5,517,67.1,Web,True
C3258105786,51,Checking,North,2.0,726,126.1,Mobile,True
C1747675075,34,Business,West,8.3,373,37.0,Mobile,True
C1502794834,69,Business,West,6.1,759,170.0,Branch,False
C7223771608,59,Savings,North,18.5,724,163.4,Mobile,True
C7924596020,30,Checking,West,7.5,491,97.9,Mobile,True
C9328186802,61,Savings,South,15.2,488,171.3,Branch,True
C7980201315,64,Checking,South,10.6,311,53.2,Web,True
C6899372957,56,Business,East,14.1,538,8.4,Branch,True
C1216848364,44,Savings,South,5.2,752,125.7,Branch,True
C2656197420,43,Savings,West,18.8,682,94.3,Branch,True
C3327829640,45,Savings,North,10.6,347,115.6,Web,True
C1946970249,30,Business,East,16.6,616,180.4,Mobile,True
C3651064365,29,Savings,North,7.3,508,194.1,Mobile,True
C8470701471,61,Business,East,2.0,846,128.7,Branch,True
C3139067209,45,Checking,East,13.5,418,154.0,Branch,True
C8485376282,19,Business,North,0.2,614,21.3,Mobile,True
C6699613361,54,Checking,South,9.5,335,36.3,Mobile,True
C9952005972,51,Business,South,3.9,762,148.0,Mobile,True
C3202143098,40,Business,South,12.5,702,89.1,Web,True
C2882849178,69,Savings,South,19.6,406,92.0,Web,True
C9573881234,62,Business,North,9.3,338,65.2,Branch,True
C3348814378,46,Savings,West,16.3,479,123.4,Web,True
C3880529448,52,Checking,East,10.2,311,41.1,Branch,True
C8305170865,28,Checking,North,9.9,638,127.2,Mobile,True
C4514870516,65,Savings,South,18.6,847,38.9,Mobile,True
C9804762734,50,Checking,South,17.8,425,17.4,Branch,True
C9716653567,68,Business,North,15.7,362,69.4,Mobile,True
C1067917165,28,Savings,East,5.9,381,50.1,Branch,True
C1331335978,26,Savings,North,10.9,598,178.4,Branch,True
C2824379825,31,Savings,North,4.5,333,15.7,Branch,True
C7859474080,26,Checking,West,8.9,348,39.4,Web,True
C6893555805,56,Checking,North,9.7,356,112.0,Branch,True
C9095860049,65,Business,West,16.6,408,98.8,Branch,True
C6941160574,20,Business,East,17.9,816,13.9,Branch,True
C4379149303,46,Savings,North,8.3,323,6.4,Web,True
C7001994114,36,Business,North,0.4,520,197.7,Mobile,True
C7500909925,53,Checking,South,17.2,614,133.5,Web,True
C2088160758,49,Business,North,3.5,593,76.3,Branch,True
C6546931975,24,Checking,South,12.4,309,96.7,Web,True
C7131047120,45,Business,South,0.5,780,57.0,Mobile,True
C1885697020,61,Checking,South,8.0,566,72.3,Mobile,False
C8729733226,35,Checking,East,19.7,387,131.6,Branch,True
C2432830246,22,Business,West,2.0,754,177.1,Mobile,True
C4715977147,40,Business,South,8.5,832,40.9,Web,True
C8987882532,39,Checking,North,6.1,447,168.9,Web,True
C1150357841,43,Savings,North,18.1,730,28.7,Mobile,True
C2766689537,59,Business,South,17.4,541,46.9,Branch,False
C4752611385,29,Checking,South,4.8,365,12.2,Branch,True
C7440010407,57,Business,North,1.6,677,32.5,Web,True
C4367200078,36,Business,South,12.5,687,183.9,Mobile,True
C7442795070,64,Business,West,6.7,508,94.6,Web,True
C8666936319,18,Business,West,13.4,714,20.1,Web,True
C1863712460,20,Business,East,0.6,315,192.1,Web,True
C3016596842,44,Savings,South,2.7,596,176.4,Branch,True
C5416563287,35,Savings,East,13.7,519,152.2,Mobile,True
C5344327077,67,Savings,East,4.2,666,187.0,Mobile,True
C7050652280,47,Checking,East,17.2,528,47.9,Branch,True
C4968665189,19,Savings,South,1.2,739,168.1,Web,True
C5775490900,22,Savings,East,4.3,831,139.5,Web,False
C4378087920,46,Checking,West,20.0,749,174.6,Branch,False
C9343108443,50,Savings,East,8.7,335,160.4,Mobile,True
C4207381233,59,Business,West,14.1,721,72.6,Branch,True
C4549739310,37,Savings,West,3.7,488,156.0,Mobile,True
C1034206848,47,Savings,South,12.2,477,56.2,Mobile,False
C4189145660,59,Savings,East,14.5,614,69.1,Mobile,True
C9919082873,22,Business,South,6.3,319,26.0,Web,True
C4556734700,67,Business,West,16.6,681,187.3,Web,True
C6899224240,38,Business,North,12.1,442,61.7,Branch,True
C6461045561,32,Business,East,7.8,361,106.5,Branch,True
C2368415088,37,Checking,South,11.2,541,81.3,Web,True
C4880753980,25,Business,North,11.5,537,192.2,Branch,True
C1333464581,66,Business,East,3.3,430,70.3,Web,True
C7535219624,48,Business,East,8.1,422,156.8,Web,True
C8707257092,29,Business,South,6.9,739,171.8,Mobile,True
C9093335638,38,Checking,North,8.0,641,89.9,Mobile,True
C2480824907,47,Savings,South,15.2,718,78.7,Web,True
C1056912766,44,Savings,East,9.7,754,150.8,Mobile,True
C6566032328,61,Business,East,18.8,497,183.0,Web,False
C2972202734,43,Business,West,5.9,581,152.2,Mobile,True
C2765633622,50,Business,East,8.3,300,49.3,Branch,True
C4100662431,43,Savings,East,15.7,631,178.2,Branch,True
C6947686259,43,Savings,North,10.9,511,80.6,Web,True
C4180965110,53,Business,North,10.9,386,117.4,Web,True
C7579413476,57,Savings,West,1.1,360,167.1,Mobile,True
C8685552747,18,Checking,West,8.0,394,41.7,Mobile,True
C6569656413,32,Business,West,5.4,446,158.0,Web,True
C7620132085,67,Business,South,20.0,545,121.3,Branch,True
C2482751389,18,Checking,South,6.2,596,179.2,Branch,True
C2778979453,28,Checking,West,17.7,422,38.5,Web,True
C9081678834,19,Savings,South,13.5,755,87.0,Branch,False
C5816786041,18,Checking,East,6.8,698,167.4,Web,True
C8020722158,48,Business,West,10.9,530,8.8,Mobile,True
C1910079209,61,Savings,West,16.8,833,26.9,Branch,True
C6011930790,33,Checking,South,17.7,701,198.2,Branch,True
C6444303998,39,Savings,North,3.2,429,59.7,Mobile,True
C2781276808,59,Savings,West,6.8,591,195.2,Mobile,False
C9037895648,35,Savings,South,6.7,575,40.6,Branch,True
C7063912871,64,Savings,South,0.8,675,75.4,Branch,True
C1874743708,34,Checking,North,12.0,354,151.8,Web,True
C6701793121,47,Business,West,17.1,325,133.3,Web,True
C7766331776,27,Business,North,7.6,740,118.3,Branch,True
C5390064220,52,Checking,East,14.8,496,108.3,Web,False
C3991991343,38,Business,North,12.6,542,169.5,Mobile,True
C3129031412,33,Savings,North,7.5,489,50.8,Web,True
C2885901094,23,Savings,South,2.8,575,91.3,Web,True
C7495213584,20,Savings,North,14.2,708,35.3,Branch,False
C4284795161,58,Checking,East,17.1,639,121.2,Web,True
C3915843522,60,Savings,South,13.7,452,53.9,Branch,True
C5086412390,38,Savings,East,0.4,697,70.1,Branch,True
C4334996160,30,Checking,North,4.3,743,96.9,Branch,True
C3625670717,35,Savings,East,1.4,726,10.2,Mobile,True
C4682113706,41,Savings,East,11.4,786,22.9,Web,True
C3891571450,44,Business,North,15.1,503,138.8,Web,True
C2752857986,21,Checking,North,2.2,411,88.6,Web,True
C1953055210,39,Savings,South,16.8,624,173.6,Branch,True
C4140980533,41,Savings,South,11.1,557,140.5,Mobile,True
C2997397084,57,Savings,West,13.8,827,6.6,Branch,True
C4754534485,62,Savings,South,19.4,649,125.3,Web,True
C3283107526,27,Business,North,1.7,734,23.3,Branch,True
C7487813532,19,Business,East,18.0,725,157.3,Branch,True
C7032576424,57,Business,East,2.5,579,198.3,Web,True
C3080243470,23,Business,South,7.9,670,108.6,Branch,False
C9647348362,65,Checking,South,17.0,548,138.1,Branch,True
C2759816621,35,Savings,North,18.1,480,51.3,Mobile,True
C8077136440,34,Business,East,10.1,377,90.3,Branch,True
C7353373701,55,Savings,West,11.9,635,171.9,Mobile,True
C4191510887,62,Checking,West,14.2,349,37.6,Web,True
C5216400944,40,Savings,South,16.7,384,56.8,Mobile,True
C2934790737,63,Savings,West,2.4,303,91.9,Branch,True
C7499866956,47,Business,North,16.2,616,143.9,Web,True
C5248657909,38,Business,West,9.6,410,78.3,Branch,True
C9773920489,27,Checking,South,9.0,633,185.9,Branch,True
C2917217090,60,Savings,North,8.5,432,23.4,Mobile,True
C9890597378,30,Business,East,10.2,418,77.3,Branch,False
C8427006669,29,Business,North,18.9,649,143.2,Mobile,True
C6903348355,26,Business,South,11.0,841,49.1,Web,True
C6797969374,21,Checking,South,19.1,354,133.0,Web,True
C8912727807,56,Savings,West,3.6,660,37.0,Branch,False
C2603058568,41,Business,West,14.5,752,15.9,Mobile,True
C1445296119,51,Savings,East,16.2,629,28.6,Branch,True
C9798917679,56,Checking,East,13.6,518,186.3,Branch,True
C3495440803,58,Savings,South,12.1,507,112.6,Branch,True
C7648748345,22,Business,South,11.3,384,160.3,Branch,True
C3237992303,32,Savings,South,17.2,544,69.9,Mobile,True
C2504110397,67,Savings,East,16.4,634,120.6,Branch,True
C8552708083,21,Checking,South,2.4,511,101.5,Web,True
C1062827874,68,Checking,East,17.0,482,189.4,Mobile,True
C1890098898,69,Savings,South,8.3,432,150.8,Branch,True
C2660521018,56,Savings,North,5.1,649,147.5,Mobile,True
C2490193278,25,Savings,North,17.4,581,14.0,Branch,True
C1681520569,66,Checking,South,8.6,592,112.2,Web,True
C2109093775,62,Checking,North,16.2,568,96.1,Web,True
C3326353652,41,Savings,East,5.3,496,185.9,Web,True
C8551700541,45,Checking,West,0.1,836,55.2,Mobile,True
C6613112139,60,Business,North,9.9,319,57.6,Web,True
C7077255100,44,Checking,West,2.0,704,85.2,Branch,True
C4061356810,18,Checking,North,15.1,414,52.5,Branch,True
C6953735183,51,Checking,East,5.5,325,30.2,Branch,True
C9025746141,34,Business,North,8.9,694,172.2,Mobile,True
C3511130329,54,Business,North,1.7,680,113.9,Mobile,True
C5868992177,55,Business,South,5.7,822,173.0,Web,True
C7231036694,43,Savings,West,15.6,838,167.1,Mobile,True
C9411684157,41,Savings,West,3.0,382,60.0,Branch,True
C7585264632,56,Business,East,12.9,849,111.8,Branch,True
C8508602818,38,Savings,East,18.3,744,21.2,Branch,True
C6261514812,47,Savings,West,13.6,386,183.5,Mobile,True
C3270854109,64,Savings,South,16.2,686,83.8,Branch,True
C4547289567,68,Business,South,2.2,697,81.8,Web,True
C6490933357,65,Checking,West,5.0,585,64.0,Mobile,True
C3811954074,30,Business,North,17.9,668,94.8,Branch,False
C5566152777,54,Business,West,14.3,721,54.1,Branch,True
C8673853911,20,Savings,North,12.8,742,78.1,Mobile,True
C4211942227,49,Savings,West,13.3,819,161.0,Mobile,True
C2992822436,52,Checking,North,8.3,587,167.7,Web,False
C7078413692,36,Checking,South,0.9,394,64.3,Mobile,True
C4815924319,31,Checking,West,15.7,340,96.5,Branch,True
C3706000699,65,Checking,East,13.6,630,175.4,Web,True
C8661244079,39,Business,North,9.5,454,15.3,Branch,True
C7137443544,34,Checking,South,18.0,803,178.4,Branch,True
C2874407878,21,Business,East,6.7,574,47.7,Branch,True
C5700100497,62,Savings,South,5.9,478,137.3,Mobile,True
C8507623175,57,Checking,North,17.5,436,118.6,Mobile,True
C8330812796,36,Savings,West,15.9,479,112.8,Branch,True
C5319528386,54,Savings,South,10.3,481,172.6,Mobile,True
C3000706394,19,Business,West,2.6,558,24.8,Branch,True
C2366248204,32,Checking,West,4.3,542,72.7,Mobile,False
C5128148258,19,Business,South,13.1,395,110.0,Mobile,True
C9648769437,28,Savings,South,7.7,496,163.2,Mobile,False
C9934486523,62,Checking,South,16.7,825,47.2,Web,True
C9657549909,40,Savings,West,19.0,686,161.6,Mobile,False
C5368625054,27,Savings,East,16.1,707,82.9,Web,True
C9231748503,20,Checking,North,7.6,568,41.8,Web,True
C8327894960,22,Checking,East,15.8,470,153.0,Web,True
C9612896185,20,Checking,West,7.0,469,22.7,Branch,True
C2728015484,55,Business,South,3.3,458,105.4,Mobile,True
C6972554066,30,Business,South,0.7,808,17.5,Branch,True
C1297762883,59,Savings,North,7.7,746,74.5,Web,False
C3741573148,36,Checking,North,18.1,381,122.2,Mobile,False
C5889543228,57,Savings,East,4.8,356,113.4,Branch,False
C6890487265,67,Savings,East,4.1,818,83.9,Web,False
C3719026366,52,Savings,North,19.4,411,88.7,Branch,True
C2980696745,41,Savings,West,0.5,347,49.2,Branch,False
C3164679693,41,Savings,East,15.7,675,93.9,Mobile,True
C6851597978,34,Checking,South,6.4,332,190.9,Mobile,True
C5767685495,57,Business,South,0.7,803,170.8,Branch,True
C3712888235,27,Checking,West,18.4,302,33.3,Mobile,False
C1233606486,19,Checking,North,2.8,785,10.8,Mobile,True
C3767061562,61,Checking,East,11.0,815,187.0,Branch,True
C1299791541,40,Business,South,5.5,341,107.7,Mobile,True
C7677332885,23,Business,North,1.3,308,109.9,Mobile,True
C7784872177,19,Business,East,1.0,441,157.2,Web,False
C5074826157,38,Checking,West,2.3,735,66.4,Mobile,True
C5555263409,52,Business,South,1.4,326,99.0,Web,True
C8240028691,66,Savings,West,15.2,342,193.9,Branch,True
C9204302501,46,Business,West,9.7,430,136.1,Web,True
C9081477644,24,Checking,West,6.9,515,35.0,Branch,True
C3510407489,46,Checking,East,8.4,819,31.0,Mobile,True
C4581109168,54,Savings,West,18.6,644,44.8,Mobile,False
C8054817089,40,Business,East,18.2,807,154.5,Web,True
C8475668554,50,Business,East,14.3,712,62.6,Branch,True
C8312784019,25,Savings,West,17.7,545,9.2,Mobile,False
C9227749584,29,Checking,West,6.4,748,189.1,Web,True
C7858102506,63,Checking,North,7.6,320,38.1,Web,True
C5192691130,65,Business,South,12.3,707,6.9,Web,True
C4436289238,27,Business,North,12.5,756,51.2,Mobile,True
C8263699408,32,Business,South,9.6,743,50.8,Branch,True
C5844452205,41,Business,South,8.0,564,87.3,Mobile,False
C3874658576,43,Business,North,19.7,483,184.5,Mobile,True
C6609448348,64,Checking,North,16.4,526,176.4,Branch,True
C7082610246,59,Checking,South,8.7,847,94.1,Web,True
C7334866170,56,Checking,South,14.5,545,85.1,Mobile,True
C9342473431,20,Checking,South,5.4,372,113.2,Web,True
C5616321951,19,Savings,East,2.0,449,52.5,Web,True
C3275822675,23,Checking,South,7.0,812,15.2,Branch,True
C6008025592,38,Savings,West,8.1,368,188.1,Branch,False
C8003291839,26,Checking,West,0.3,529,41.4,Branch,False
C5383103543,27,Business,West,16.3,371,43.7,Web,True
C2519115683,53,Business,North,7.2,696,97.1,Web,True
C2299137548,20,Business,North,11.6,383,100.9,Mobile,True
C1730640153,58,Savings,North,1.5,598,8.6,Web,True
C9152870403,41,Checking,South,3.5,592,33.9,Branch,True
C8856844830,39,Checking,West,17.8,522,78.7,Branch,True
C3055125183,66,Savings,South,12.2,515,138.3,Branch,True
C8647429897,31,Savings,East,19.0,530,49.5,Branch,True
C6633664919,59,Savings,East,20.0,704,87.5,Web,True
C9603424683,62,Savings,North,7.4,468,113.7,Branch,True
C9054805846,61,Savings,East,6.0,628,178.3,Mobile,True
C2897286720,44,Business,West,17.2,725,68.6,Web,True
C4071702454,50,Checking,East,20.0,495,31.0,Branch,True
C6505800372,39,Savings,North,12.6,825,100.4,Mobile,True
C1819161877,46,Business,South,15.9,376,150.6,Branch,True
C2490621528,36,Savings,East,15.6,576,26.4,Web,False
C9783042510,36,Business,West,7.1,765,87.8,Web,True
C4286338591,23,Savings,West,11.5,747,8.5,Mobile,True
C5039069735,62,Checking,West,16.7,619,11.5,Web,True
C7317327180,36,Savings,South,13.8,459,99.2,Mobile,True
C5824247183,30,Savings,West,0.4,791,63.1,Branch,True
C3206972127,43,Checking,North,6.7,612,169.8,Web,True
C9174602727,39,Checking,North,2.9,460,122.4,Branch,True
C4822021484,38,Savings,West,4.7,607,93.5,Branch,True
C4512666096,53,Checking,East,18.1,445,84.5,Web,False
C3191070597,19,Checking,West,0.7,695,102.0,Branch,True
C3202876091,64,Business,North,4.4,388,12.9,Mobile,True
C9029896973,61,Checking,North,6.2,607,179.1,Mobile,True
C4185158988,47,Checking,North,12.3,845,199.7,Mobile,True
C5860415166,44,Savings,East,10.7,670,40.4,Web,False
C8965890679,24,Savings,East,4.4,750,28.5,Branch,True
C8963989442,37,Business,East,3.3,466,33.0,Branch,True
C2746148085,67,Savings,North,4.7,691,133.9,Branch,True
C9174142159,48,Checking,South,10.1,790,134.0,Branch,True
C7888487519,40,Checking,West,5.4,449,170.3,Mobile,True
C3476538277,30,Checking,West,19.0,767,151.6,Web,True
C4374311429,34,Savings,North,9.3,342,92.7,Mobile,True
C6380728351,21,Checking,East,1.2,328,124.5,Mobile,True
C4133023034,31,Checking,South,14.6,330,139.2,Web,True
C9540635443,37,Business,South,6.6,427,105.0,Web,True
C1108393598,30,Business,East,13.1,593,97.8,Mobile,True
C2085106462,20,Business,West,5.6,740,130.8,Branch,True
C7528668372,43,Savings,West,11.4,687,113.7,Web,True
C7536738387,43,Checking,South,15.4,823,130.6,Web,True
C8523391875,35,Checking,South,18.6,846,124.5,Mobile,True
C3677816876,49,Checking,East,5.2,409,145.2,Branch,True
C5524810160,31,Business,West,6.7,627,130.3,Web,True
C1996671824,64,Checking,South,9.3,704,106.3,Mobile,True
C6434723235,20,Checking,West,18.5,544,138.0,Web,True
C3380861312,18,Checking,South,18.0,462,92.6,Branch,True
C2262501783,43,Checking,East,1.8,698,52.1,Mobile,True
C6313238343,41,Checking,West,2.6,698,5.3,Mobile,False
C9368756442,66,Savings,South,9.9,792,114.2,Branch,True
C5057308438,52,Checking,South,2.1,538,120.2,Mobile,True
C7914646343,31,Savings,South,6.9,764,194.5,Branch,True
C8670006894,20,Checking,South,3.0,331,75.5,Mobile,True
C9617573604,30,Savings,East,12.7,422,81.9,Branch,True
C4317932187,64,Checking,West,19.0,833,44.4,Web,True
C4017164476,67,Checking,West,19.9,409,18.8,Web,True
C8560964853,31,Checking,North,7.5,570,155.7,Web,False
C7497951230,38,Checking,West,12.0,679,53.7,Mobile,True
C4024014621,43,Business,North,17.1,599,123.7,Branch,True
C4041360109,20,Checking,South,2.3,548,139.1,Branch,True
C7338030929,68,Savings,East,13.8,820,96.9,Web,True
C3896524458,57,Business,East,8.2,333,175.9,Web,True
C4276601949,21,Business,South,4.1,527,91.5,Web,True
C1195217007,53,Checking,North,8.1,698,60.6,Branch,True
C3011462835,68,Savings,South,1.5,519,179.7,Web,True
C8617351019,60,Savings,East,13.9,670,173.0,Mobile,True
C4663529784,18,Business,East,5.1,827,37.0,Web,True
C9574465390,57,Savings,West,6.2,374,10.1,Web,True
C4418825771,64,Checking,North,2.4,435,22.5,Branch,False
C6220536015,50,Checking,West,17.3,373,60.9,Mobile,True
C2443139359,24,Checking,East,9.9,553,194.6,Branch,True
C4321646316,69,Checking,East,11.4,317,113.9,Mobile,False
C9224715768,69,Checking,West,11.4,342,77.8,Mobile,True
C1812346247,28,Business,West,8.2,349,178.3,Web,True
C8282652427,44,Checking,East,3.9,814,93.4,Web,True
C3623240298,31,Checking,West,14.9,602,66.5,Branch,True
C5533445490,39,Business,West,2.5,441,188.5,Branch,True
C1905299424,33,Business,North,2.1,501,170.7,Branch,True
C4678611156,63,Business,East,14.2,506,169.5,Mobile,False
C4586580903,29,Savings,South,4.2,714,104.9,Branch,True
C6866434901,66,Savings,North,6.1,520,158.9,Mobile,True
C6660979813,63,Checking,South,9.5,661,40.0,Mobile,True
C4218760172,27,Checking,West,9.0,380,116.8,Mobile,True
C5670985927,41,Checking,West,14.2,584,196.8,Mobile,True
C2214621616,63,Savings,South,12.5,668,61.7,Mobile,True
C2426812052,35,Checking,West,12.9,791,159.9,Web,True
C9768172135,39,Checking,West,14.3,645,100.6,Mobile,True
C3806260741,26,Savings,North,5.9,503,12.8,Mobile,False
C6564793883,34,Business,South,6.4,324,153.8,Web,True
C7956197413,55,Savings,North,8.8,368,37.9,Web,True
C9215976112,57,Checking,South,6.1,815,128.1,Web,True
C7251836684,30,Savings,North,19.7,791,21.7,Branch,True
C2489863907,67,Business,East,16.3,539,189.6,Branch,True
C8707236434,54,Business,East,3.3,660,61.9,Mobile,True
C6489522939,23,Business,South,0.1,740,49.2,Mobile,True
C1382207913,38,Business,East,0.9,330,30.2,Mobile,True
C9554269487,68,Business,North,4.9,621,189.5,Mobile,True
C2030746478,53,Business,South,2.3,643,143.8,Web,True
C7222457580,24,Checking,East,10.7,835,149.6,Branch,True
C4922304510,53,Checking,East,17.2,654,102.4,Web,True
C6108405826,42,Savings,South,14.7,770,97.6,Branch,True
C5316556183,28,Checking,East,4.3,404,26.5,Web,False
C5553079413,61,Business,East,8.0,621,114.2,Mobile,True
C9180909128,31,Checking,South,10.2,826,53.1,Branch,True
C8076029331,62,Savings,East,16.2,803,195.5,Mobile,True
C6056003282,46,Business,East,16.8,384,160.3,Branch,False
C1493049026,27,Checking,East,18.2,534,85.5,Branch,True
C9338820378,67,Checking,East,10.2,562,34.5,Mobile,True
C2071414827,65,Savings,West,13.9,305,158.1,Mobile,False
C8374976686,22,Business,South,2.2,793,28.8,Mobile,True
C8972028374,25,Savings,West,11.3,588,41.9,Web,True
C2890034933,63,Business,West,5.0,649,46.2,Branch,True
C4134088769,22,Business,North,8.6,499,113.6,Branch,True
C9333184898,41,Checking,West,12.7,634,158.5,Branch,True
C7888255636,57,Savings,West,5.1,516,66.3,Mobile,True
C4707138899,43,Savings,North,1.0,652,21.5,Branch,True
C4532587635,23,Savings,East,0.2,624,95.6,Branch,True
C6039470036,33,Business,East,0.4,527,150.9,Mobile,True
C7381537276,53,Savings,West,0.2,444,48.2,Mobile,True
C1502182771,29,Business,North,2.2,607,47.9,Branch,True
C8224792828,28,Savings,East,4.8,584,189.7,Web,True
C5883762029,20,Savings,North,4.4,691,191.1,Mobile,True
C8010409496,61,Checking,South,19.7,659,198.1,Web,True
C3506564567,54,Savings,South,6.1,464,162.5,Web,True
C2675553657,23,Checking,South,2.5,523,41.7,Web,True
C2525278789,36,Checking,South,10.9,423,46.3,Web,True
C1194343786,35,Business,West,17.2,643,71.3,Mobile,True
C9655118806,33,Savings,South,13.6,823,67.0,Branch,True
C5749603476,40,Savings,South,5.9,351,191.5,Branch,True
C7541849447,60,Savings,North,11.2,428,158.9,Mobile,True
C7702639241,54,Checking,East,14.3,434,146.2,Mobile,True
C5048690355,26,Savings,North,14.6,426,41.3,Web,True
C1355339975,20,Business,West,13.3,370,182.4,Web,True
C4350024383,25,Business,South,17.4,572,166.4,Mobile,True
C1424073081,55,Savings,East,17.4,486,36.9,Branch,True
C1324961972,21,Checking,East,11.6,302,174.9,Web,True
C3512892773,29,Business,South,8.6,584,58.1,Mobile,True
C1971844804,61,Business,South,12.8,321,20.8,Mobile,True
C4846993466,48,Checking,West,16.4,465,133.1,Mobile,True
C4005210983,42,Business,West,0.1,609,132.5,Web,True
C9003524362,33,Checking,South,19.8,776,23.5,Mobile,True
C8685810892,59,Business,South,3.7,797,67.2,Branch,True
C2057610620,31,Checking,South,9.4,733,198.6,Mobile,True
C7114091739,30,Business,South,17.4,533,137.3,Web,True
C8703327325,58,Savings,East,4.5,675,147.4,Branch,True
C1136487526,24,Business,West,9.5,545,46.5,Branch,True
C2031095991,29,Business,South,2.7,602,20.4,Mobile,True
C1592212728,54,Savings,South,7.9,704,59.0,Mobile,True
C9150746537,67,Savings,East,3.5,320,53.5,Branch,True
C4200521550,21,Savings,North,7.3,556,50.7,Mobile,True
C1328306709,19,Savings,South,7.5,698,42.6,Web,True
C9142760546,52,Checking,East,19.9,828,117.1,Branch,True
C4409900751,61,Checking,East,19.9,350,69.0,Mobile,False
C9812353296,20,Business,North,2.3,746,165.0,Branch,True
C3393630709,21,Business,West,14.5,569,40.9,Mobile,True
C5965136012,55,Business,West,1.0,561,95.6,Mobile,True
C4584540837,29,Checking,West,0.6,664,7.7,Web,True
C2539035631,36,Business,South,2.1,348,98.9,Mobile,True
C9215810476,27,Business,West,19.3,817,15.9,Mobile,True
C7724579490,18,Checking,South,18.8,417,195.7,Mobile,True
C6079539213,34,Business,South,3.9,752,159.2,Web,True
C3475930254,33,Checking,East,3.2,696,100.6,Mobile,False
C8567232508,26,Checking,West,4.8,326,21.9,Mobile,True
C2184369054,26,Savings,West,10.3,671,120.5,Mobile,True
C1877233143,26,Savings,West,11.4,396,153.0,Branch,True
C9661902395,29,Checking,South,4.4,828,42.2,Web,True
C8212105412,58,Checking,South,15.1,485,115.8,Branch,True
C5623825465,32,Savings,West,6.2,514,163.8,Web,True
C2807155606,19,Business,South,18.4,550,154.8,Web,True
C3584205217,28,Business,South,13.1,515,161.6,Branch,True
C9319819566,28,Business,North,8.7,328,176.5,Web,False
C2339179993,25,Checking,North,15.8,401,187.8,Web,False
C8104563770,49,Savings,West,16.4,422,84.1,Branch,True
C6721367939,23,Business,West,5.8,353,115.9,Mobile,True
C4986167032,37,Savings,North,6.8,582,159.2,Web,False
C8923623373,56,Savings,South,18.7,416,140.9,Branch,True
C1961997702,52,Checking,South,3.3,413,199.1,Web,True
C9779086574,25,Business,East,0.8,842,7.7,Branch,True
C3784151970,67,Savings,West,9.1,592,74.3,Mobile,True
C2881954684,66,Checking,West,16.0,494,59.8,Web,True
C4862293830,60,Checking,West,15.4,591,56.2,Mobile,True
C2907460450,51,Checking,East,18.4,560,48.4,Mobile,True
C3283466693,36,Business,East,10.7,506,143.3,Branch,False
C7604727423,24,Business,South,2.0,348,21.5,Web,True
C6489395620,48,Checking,North,11.8,305,149.6,Web,True
C9715155151,35,Business,North,15.6,678,140.2,Web,True
C5966200707,57,Business,North,1.9,693,53.9,Web,False
C1945273689,31,Savings,South,3.5,523,54.3,Web,True
C4049919681,56,Checking,North,0.2,322,127.6,Branch,True
C6659455623,53,Checking,East,11.9,409,153.6,Web,False
C2344540134,34,Business,East,17.7,698,175.9,Mobile,True
C4592733633,54,Checking,West,13.4,471,171.2,Mobile,True
C6654697084,61,Checking,North,19.6,605,193.2,Web,False
C2227070415,26,Checking,East,1.3,450,118.4,Branch,True
C9982383389,37,Business,West,18.1,727,182.2,Branch,True
C6647133925,62,Business,North,16.3,766,162.7,Web,True
C5479875953,45,Business,North,6.3,366,179.5,Mobile,True
C4354214260,67,Savings,East,19.5,455,7.3,Web,True
C2710375334,37,Checking,West,5.8,505,193.4,Web,True
C3826324630,58,Savings,West,17.8,454,97.3,Web,True
C1034613597,53,Business,East,17.6,808,160.6,Branch,True
C9345872311,44,Savings,East,15.2,373,29.8,Branch,True
C6313495036,25,Checking,East,11.3,348,82.2,Mobile,True
C5757166699,49,Checking,North,2.4,766,57.9,Mobile,True
C6366574862,18,Business,East,10.6,478,61.9,Web,True
C4872269513,34,Business,East,7.1,347,29.0,Mobile,True
C3992282719,26,Savings,South,15.8,371,162.1,Web,True
C1905749458,37,Business,East,15.2,412,6.8,Mobile,True
C4681610143,62,Savings,East,18.2,458,65.9,Web,True
C8818673655,49,Checking,North,0.3,329,39.0,Branch,True
C7187216162,19,Checking,West,16.2,396,119.9,Web,True
C5863640768,49,Checking,North,18.8,550,54.6,Branch,True
C2851061777,62,Checking,South,15.8,818,55.5,Branch,False
C2307785466,26,Checking,East,2.6,391,100.2,Mobile,True
C1850813768,47,Savings,East,1.6,412,132.3,Mobile,True
C9872080073,37,Checking,East,0.4,558,28.7,Branch,True
C8629109528,55,Savings,East,12.6,406,39.2,Web,True
C3428460279,18,Checking,East,12.6,689,53.2,Web,True
C4423995465,22,Savings,East,19.7,657,194.9,Mobile,True
C8405522409,52,Savings,South,8.0,498,82.4,Web,True
C3965269997,53,Savings,East,6.6,726,121.8,Web,True
C6757596253,18,Business,East,12.5,777,52.1,Web,True
C1225018904,31,Savings,East,16.5,802,100.6,Branch,True
C5980551010,26,Savings,South,18.7,419,19.5,Branch,True
C5624852745,47,Checking,East,16.1,608,11.8,Web,True
C5072709333,41,Savings,South,8.5,837,96.4,Mobile,True
C2308257158,21,Savings,North,12.7,774,82.7,Web,True
C9276042705,67,Business,East,17.1,643,31.7,Mobile,True
C6212793850,31,Checking,West,9.8,435,139.1,Branch,True
C1041604850,42,Business,South,4.3,576,198.6,Web,True
C8979856354,21,Business,North,3.4,832,82.2,Web,True
C4140296890,42,Business,South,0.0,330,126.8,Mobile,True
C9361253519,27,Savings,South,14.4,546,192.8,Mobile,True
C8651980216,52,Business,North,2.2,710,167.1,Web,True
C3431874947,24,Business,East,4.9,326,95.4,Web,True
C9616810229,59,Checking,East,6.0,372,148.8,Mobile,True
C5560764377,30,Checking,South,11.2,396,30.0,Branch,True
C6130113598,21,Checking,North,8.0,645,104.9,Mobile,True
C5996492842,67,Checking,East,13.5,775,59.4,Web,True
C1952546366,60,Business,South,1.1,599,36.4,Branch,True
C2363886544,53,Checking,West,2.5,598,88.1,Branch,True
C1376201735,31,Savings,North,10.0,586,30.5,Branch,True
C1386187353,35,Business,West,6.7,748,141.3,Branch,True
C3690612398,25,Checking,West,5.9,511,94.0,Web,False
C6496467094,49,Business,South,1.3,375,108.6,Branch,True
C8141655622,44,Checking,North,17.9,700,33.5,Mobile,True
C4739344051,59,Business,East,13.8,333,32.3,Mobile,True
C4124714268,54,Checking,East,2.4,797,118.8,Mobile,False
C7669063603,40,Savings,South,1.3,815,197.1,Web,True
C6190847508,24,Checking,East,19.5,627,23.8,Branch,True
C6783425854,29,Business,East,13.6,397,60.7,Mobile,True
C5834267359,42,Business,West,8.3,665,174.5,Mobile,True
C4553469365,20,Savings,West,14.0,762,19.1,Mobile,False
C2449690898,43,Business,North,15.1,327,175.8,Branch,True
C2058794922,21,Savings,West,15.6,685,107.2,Mobile,False
C9486995829,59,Business,East,9.6,572,84.6,Branch,True
C2480980323,53,Business,North,8.6,426,65.4,Branch,True
C6743706803,32,Savings,North,0.2,501,62.9,Branch,True
C9053570675,49,Business,South,18.5,820,64.6,Web,True
C1606052499,46,Business,West,12.1,586,177.5,Web,True
C3343257375,27,Savings,North,4.1,749,146.1,Branch,True
C5489506308,38,Checking,East,18.4,387,135.6,Branch,False
C7593429066,33,Savings,North,18.3,617,160.8,Web,False
C1352289045,64,Business,North,19.8,318,55.1,Web,True
C5445030211,36,Checking,South,17.5,406,125.5,Branch,True
C5250971435,46,Checking,East,20.0,757,94.7,Web,True
C5423907916,69,Checking,East,4.9,610,157.6,Mobile,True
C7204201608,68,Savings,West,16.8,711,65.3,Branch,True
C7462289502,35,Checking,East,16.5,797,130.4,Branch,True
C6805958302,61,Checking,North,4.6,543,177.0,Web,False
C3177902420,33,Checking,East,2.0,679,83.4,Mobile,True
C3739767710,18,Business,East,19.6,814,18.0,Web,True
C4298558239,65,Savings,North,5.9,506,105.6,Mobile,True
C7160535738,19,Savings,South,17.4,693,72.5,Mobile,True
C7952573121,32,Business,West,0.1,320,136.1,Branch,True
C3150537055,56,Checking,West,0.4,826,190.5,Mobile,True
C5396038566,45,Business,South,9.3,642,99.7,Branch,False
C2845216158,18,Business,North,4.8,501,95.9,Mobile,True
C1554800010,22,Checking,West,13.8,419,132.6,Branch,True
C7543814510,59,Checking,South,11.3,688,25.2,Mobile,True
C6384102795,39,Savings,South,1.5,836,54.4,Web,True
C3114121674,53,Checking,South,3.3,533,184.2,Mobile,True
C3800718382,63,Business,West,7.8,619,135.6,Web,True
C8694277318,30,Business,West,3.7,479,7.6,Mobile,True
C7882555497,18,Checking,West,15.8,667,44.9,Mobile,True
C6531193290,33,Savings,West,8.3,375,138.2,Branch,True
C1580164802,58,Business,East,1.9,795,154.1,Mobile,True
C9115669786,39,Checking,South,9.7,821,168.8,Mobile,False
C5054141109,49,Savings,East,1.8,500,62.0,Mobile,True
C8584177968,33,Savings,South,2.6,645,186.6,Web,True
C6918897747,68,Business,West,4.8,782,112.8,Branch,True
C5910845723,32,Business,West,17.2,518,140.8,Branch,False
C1078967903,63,Savings,East,18.5,359,121.4,Mobile,True
C2993151241,69,Savings,North,16.5,849,28.9,Mobile,True
C3839577591,59,Savings,West,6.7,520,192.8,Web,True
C3801329525,29,Checking,North,5.4,801,29.0,Mobile,True
C6373348142,18,Business,South,11.0,432,54.7,Branch,True
C3793555189,34,Savings,East,14.4,352,163.7,Branch,True
C5818985144,58,Business,North,19.9,749,125.6,Web,False
C5281692495,68,Business,North,2.6,361,168.4,Web,True
C6082889375,67,Business,West,1.0,322,105.6,Branch,True
C7846787160,45,Savings,North,13.9,343,78.5,Web,True
C7061807627,24,Checking,North,16.6,346,184.8,Mobile,True
C3674614793,26,Savings,South,16.9,323,12.1,Mobile,True
C8911397039,39,Business,East,13.6,388,171.9,Web,False
C3889856434,43,Savings,West,19.1,473,50.0,Branch,True
C7003866817,29,Savings,West,10.2,418,170.5,Web,True
C4461653006,24,Business,North,18.3,477,32.1,Branch,True
C1106017638,63,Business,South,19.4,641,118.1,Web,False
C7643010157,64,Savings,North,16.9,358,178.2,Web,True
C8901968228,32,Savings,North,6.2,737,97.3,Web,True
C5842514135,55,Savings,West,3.9,727,150.6,Mobile,True
C8731827361,38,Savings,North,11.0,725,161.9,Mobile,True
C8665527422,31,Checking,North,9.1,680,148.6,Branch,True
C2322361951,19,Savings,South,17.6,785,185.4,Web,True
C4597167532,25,Checking,West,2.0,484,92.1,Mobile,True
C7791182629,62,Business,East,5.2,759,38.8,Web,True
C9940692879,23,Checking,South,15.0,401,14.3,Branch,True
C7194917094,54,Business,South,1.9,314,53.1,Mobile,True
C9772341453,54,Checking,South,6.4,350,32.9,Branch,True
C8235414411,50,Business,West,7.7,608,113.8,Mobile,True
C4596017238,58,Savings,North,12.5,333,41.1,Web,True
C5842015036,23,Checking,East,3.2,504,12.6,Branch,True
C2978561845,69,Checking,West,17.2,369,12.0,Mobile,True
C6661892356,43,Business,North,9.0,529,167.2,Mobile,True
C4840839450,56,Business,South,18.3,779,120.3,Web,True
C1058557684,58,Checking,West,9.4,832,74.8,Branch,True
C3380943835,54,Business,North,5.5,407,179.4,Branch,True
C5690528445,31,Savings,East,2.8,540,18.7,Branch,True
C3375597852,54,Checking,East,0.1,550,196.2,Web,True
C8783589374,25,Savings,North,10.6,434,125.2,Mobile,True
C2649450590,56,Checking,West,2.1,389,40.8,Mobile,True
C8156565953,30,Savings,South,7.8,739,137.4,Branch,True
C5247016260,30,Checking,North,11.8,597,153.9,Mobile,False
C2674606663,57,Business,South,5.5,706,88.7,Branch,True
C9937992799,60,Checking,East,3.5,607,173.0,Web,True
C1376453173,45,Savings,North,15.5,401,34.4,Web,True
C5577626639,35,Checking,East,18.9,660,59.4,Web,False
C7287034306,36,Savings,South,2.0,827,23.2,Branch,False
C2374506878,55,Savings,South,3.1,592,46.1,Mobile,True
C7341352884,49,Savings,North,19.2,445,51.6,Web,True
C3100392641,39,Business,North,0.8,703,183.9,Branch,True
C4691766611,19,Checking,North,19.6,301,20.2,Branch,True
C7838882311,30,Savings,East,0.1,418,88.3,Web,True
C3983515247,40,Business,South,17.5,490,108.8,Web,True
C2102704915,42,Savings,South,6.1,302,180.2,Web,False
C4453564582,45,Checking,East,18.8,786,199.6,Mobile,True
C9567103250,28,Business,North,6.3,476,151.9,Mobile,True
C5692253658,50,Savings,West,13.1,556,194.3,Branch,True
C4351568554,41,Savings,North,1.6,833,158.5,Web,True
C3893526924,19,Savings,West,4.8,776,192.8,Web,True
C6615797723,47,Checking,West,15.5,697,142.9,Mobile,True
C4420978028,34,Business,East,10.6,795,20.6,Web,True
C6293724714,57,Business,South,18.6,519,83.4,Branch,True
C7543655769,51,Business,South,8.6,472,131.1,Web,True
C6575192470,55,Savings,South,17.4,689,73.4,Mobile,True
C9876382646,39,Business,South,9.0,801,58.3,Branch,True
C5501522186,22,Savings,East,19.6,559,117.6,Branch,True
C6564838953,65,Checking,West,19.2,430,187.0,Web,True
C7542150241,57,Business,South,6.6,412,11.8,Branch,True
C7865913715,68,Savings,West,17.7,319,155.0,Web,True
C8099364720,33,Business,East,17.0,514,145.9,Web,True
C5956046555,30,Business,North,4.2,609,193.0,Mobile,True
C5196319074,43,Checking,East,12.5,550,186.5,Branch,True
C9133101486,48,Business,South,1.5,787,153.6,Web,True
C5280216899,69,Checking,North,16.7,681,106.5,Web,True
C4008331659,56,Business,East,3.5,708,44.8,Web,True
C8604012901,65,Business,East,1.4,570,111.3,Branch,True
C6743671947,40,Business,West,8.0,706,154.2,Branch,True
C3275104164,65,Business,East,11.5,493,179.7,Branch,True
C8440551732,29,Business,North,17.1,740,159.0,Web,True
C5188366092,31,Business,East,19.5,612,43.1,Branch,True
C4578585468,35,Checking,South,8.8,378,121.9,Web,True
C6596417589,44,Checking,West,1.2,479,69.8,Branch,True
C5151289971,45,Savings,North,15.0,313,6.8,Branch,True
C7992720131,35,Business,North,11.3,545,44.0,Web,True
C3903848966,33,Checking,East,9.0,313,27.1,Branch,True
C6614548601,69,Business,South,6.2,398,169.3,Web,True
C7659225576,33,Business,West,10.0,332,55.4,Branch,True
C8798670232,30,Checking,North,6.8,735,60.5,Branch,True
C7299549212,46,Business,West,15.1,556,192.2,Branch,False
C9919456608,26,Checking,East,10.9,333,78.9,Branch,True
C5557409826,43,Checking,South,17.5,318,6.9,Mobile,True
C7439457115,45,Savings,East,10.9,559,60.3,Web,True
C1456715202,58,Savings,West,4.8,715,28.3,Mobile,True
C9336738803,30,Savings,East,17.0,436,25.0,Branch,True
C4748025004,53,Savings,West,11.1,658,20.1,Branch,True
C9590735717,26,Business,North,4.1,415,120.7,Web,True
C7931988986,64,Business,North,12.5,703,41.9,Web,True
C7250822975,31,Savings,East,7.2,501,75.4,Web,True
C8432408582,68,Checking,North,16.9,675,173.1,Web,True
C5876314448,29,Checking,West,9.1,549,87.7,Branch,True
C6143821296,49,Checking,North,14.5,745,183.6,Web,True
C1775319881,55,Checking,South,1.9,577,102.1,Mobile,False
C6422269880,20,Business,South,7.9,411,82.8,Web,True
C1477637937,69,Checking,East,19.7,772,151.3,Web,True
C9023726042,33,Checking,East,16.2,691,19.3,Mobile,True
C1698095339,37,Savings,East,3.2,442,22.4,Mobile,True
C3901771451,49,Checking,East,5.6,331,132.1,Mobile,True
C5458546691,40,Business,West,6.6,480,100.0,Mobile,False
C3662744707,34,Checking,West,13.0,815,159.1,Web,True
C6218026755,33,Checking,South,15.1,568,183.7,Mobile,True
C1180234310,55,Business,West,15.0,535,80.7,Branch,True
C6856812209,25,Savings,North,10.2,576,121.3,Web,True
C1423459004,36,Business,South,16.2,574,102.6,Branch,True
C2092043671,47,Savings,East,8.7,385,196.4,Web,True
C7571172595,51,Checking,East,2.5,362,167.1,Web,True
C5932170104,31,Savings,West,11.3,703,182.8,Branch,False
C6034071195,39,Savings,South,19.0,491,54.6,Mobile,True
C3249117222,61,Savings,West,15.9,592,155.6,Mobile,True
C7313238447,34,Checking,West,11.6,330,56.8,Branch,True
C6647926549,32,Savings,West,12.9,629,45.7,Mobile,True
C6840271139,67,Savings,South,18.6,406,189.1,Web,True
C6613403225,65,Checking,East,8.6,575,8.8,Web,True
C1838365438,49,Business,North,6.6,381,193.3,Web,True
C2387702654,30,Business,East,19.5,363,34.1,Mobile,True
C9537319257,38,Business,South,17.3,428,164.8,Mobile,True
C2692801413,66,Checking,East,6.5,555,58.8,Branch,True
C7886267947,57,Checking,East,9.3,530,73.4,Web,True
C7311534610,50,Business,North,8.3,796,47.3,Branch,True
C2815293841,44,Savings,East,3.0,436,119.2,Mobile,True
C1045069853,52,Business,East,19.2,754,72.9,Branch,True
C4844276137,33,Checking,East,8.1,654,133.2,Mobile,True
C1640554953,45,Savings,West,17.5,784,8.1,Web,True
C4375523339,51,Savings,South,3.8,445,17.6,Web,True
C7948963165,64,Checking,South,11.0,332,24.4,Mobile,True
C4753264373,18,Savings,North,0.5,559,86.7,Mobile,False
C1055436107,58,Business,West,15.3,386,163.9,Mobile,True
C3434786026,65,Checking,West,11.6,564,178.2,Web,False
C6804829812,48,Checking,East,12.5,841,52.7,Mobile,True
C1500187307,53,Checking,South,1.0,691,117.0,Web,False
C5840841489,61,Checking,North,4.2,531,154.8,Branch,True
C4889259705,50,Savings,West,1.5,746,61.3,Web,True
C4587897707,50,Checking,East,5.8,428,84.8,Branch,False
C7189694474,56,Checking,North,12.5,570,107.2,Web,True
C6430865091,35,Savings,West,11.3,388,31.3,Web,True
C3162717793,40,Checking,North,12.2,765,10.1,Mobile,True
C1292526039,40,Savings,West,11.0,469,34.8,Web,True
C6232018881,32,Savings,North,5.5,427,127.2,Mobile,True
C7296921513,43,Checking,West,4.9,473,19.4,Mobile,True
C2912920566,47,Business,West,2.7,325,42.0,Mobile,True
C1062565460,42,Checking,North,17.0,810,70.9,Web,True
C6002040998,62,Business,West,12.3,787,20.2,Mobile,False
C1090284985,33,Savings,West,3.7,705,42.4,Branch,True
C4520196245,56,Business,West,3.5,325,182.7,Branch,True
C6512006708,65,Checking,North,17.5,382,8.8,Web,True
C7627126522,62,Checking,North,14.9,663,132.4,Mobile,True
C1053004410,31,Business,West,13.2,666,80.0,Branch,True
C6948970379,34,Checking,West,8.1,359,136.2,Web,True
C5090592604,29,Business,North,5.2,591,119.8,Web,True
C1110850498,46,Savings,East,19.6,490,48.6,Web,True
C3376365191,49,Business,West,15.9,760,170.2,Web,True
C5271697090,41,Business,East,6.0,532,100.9,Web,True
C1487653364,69,Business,North,17.0,773,165.4,Mobile,True
C4940817222,30,Business,West,15.2,704,84.2,Mobile,True
C8826886881,37,Savings,East,5.9,570,197.0,Mobile,True
C4877340949,32,Savings,North,8.5,433,155.2,Mobile,True
C2937860011,21,Savings,East,3.7,470,193.4,Web,True
C2419020553,51,Business,South,2.2,714,105.3,Web,True
C7246078151,45,Savings,North,14.5,327,97.4,Branch,True
C5024074545,67,Checking,South,5.4,435,152.3,Branch,True
C4420874427,19,Savings,North,16.4,704,176.7,Mobile,True
C8545218541,64,Business,North,19.9,804,193.0,Web,False
C1713286051,47,Checking,West,1.5,540,68.3,Branch,True
C1253857558,43,Business,South,9.5,743,160.7,Branch,True
C9791682072,68,Checking,South,16.0,733,46.1,Branch,True
C9280919229,64,Business,South,15.8,527,111.4,Branch,True
C1391446058,43,Business,North,15.2,808,40.1,Mobile,True
C6522900763,37,Checking,South,7.0,602,72.7,Web,True
C8182859578,59,Savings,South,9.1,333,186.6,Mobile,True
C1238009435,45,Checking,West,11.9,301,33.5,Branch,True
C1095427651,37,Checking,East,19.5,661,128.3,Branch,True
C9540714232,28,Checking,East,6.6,494,120.6,Web,True
C5472899567,27,Checking,South,18.5,607,28.5,Web,True
C7401255852,40,Checking,South,5.4,549,68.6,Mobile,True
C1728014532,54,Business,South,19.8,446,114.8,Web,True
C1218935443,58,Business,South,13.4,645,41.5,Mobile,True
C7947234641,69,Savings,East,9.3,647,161.1,Mobile,False
C7819106761,36,Savings,West,12.3,553,194.6,Branch,True
C6720838318,62,Checking,North,5.5,698,46.9,Mobile,False
C7991113326,35,Savings,South,5.5,633,41.4,Branch,True
C3780810678,66,Savings,South,2.3,475,93.7,Mobile,True
C3951911961,44,Checking,East,2.3,424,150.8,Mobile,True
C9425075725,23,Business,South,7.0,697,59.9,Web,True
C8431338540,27,Business,West,15.3,430,8.9,Web,True
C3708910784,19,Savings,West,12.2,706,110.5,Branch,True
C9661556663,41,Business,South,2.1,633,191.5,Web,True
C6131513106,55,Business,East,17.0,319,81.3,Mobile,True
